{
    "loss": 0.7371403574943542,
    "accuracy": 0.9117646813392639
}